"Carimbo de data/hora","Com qual frequência você utiliza aplicativos mobile?","Você já utilizou algum aplicativo/site para realizar atividades relacionadas a aula em sala de aula?","Você já usou algum aplicativo/site de perguntas e respostas (Quiz)?","1. Crie uma conta como aluno.","Observações","2. Após criar a conta, você será direcionado para a tela de inserção do token para participar de uma atividade. Este token será disponibilizado pelo professor. Quando o professor informar o token, digite o mesmo na tela e clique em Entrar.","Observações","3. A atividade terá várias questões e respostas de múltipla escolha. Após todos os alunos entrarem na atividade, o professor irá iniciar a mesma e ele controlará o prosseguimento das questões. Quando a questão aparecer na sua tela, você precisará escolher uma das respostas clicando em Votar.","Observações","4. As respostas valem pontos. Após terminar a atividade, vá para a tela de Perfil e verifique quantos pontos você conseguiu. Conforme você faz as atividades e ganha pontos, você poderá subir de nível.","Observações","Como foi utilizar a ferramenta?","Você precisou de auxílio externo para interagir com a ferramenta?","Quantos dos passos anteriores você concluiu sem nenhum auxílio externo?","Como você classifica a usabilidade do Questmeter?","Qual o seu interesse em utilizar ferramentas como o Questmeter em sala?","Você se sentiu motivado a realizar a atividade?","Você acha que os gráficos e a maneira de responder as perguntas motivaram você a realizar a atividade?","Você possui algum comentário, crítica ou sugestão?"
"2019/06/25 9:03:59 PM GMT-3","Frequentemente","Sim","Sim","Concluído","","Concluído","","Concluído","","Verifiquei meu perfil","","1","Não","4","5","5","4","4",""
"2019/06/25 9:04:40 PM GMT-3","Frequentemente","Sim","Não","Concluído","","Concluído","","Concluído","","Verifiquei meu perfil","","2","Não","3","4","5","4","3",""
"2019/06/25 9:04:44 PM GMT-3","Frequentemente","Sim","Sim","Concluído","","Concluído","","Concluído","","Verifiquei meu perfil","","1","Não","1","5","5","5","5",""
"2019/06/25 9:04:55 PM GMT-3","Frequentemente","Sim","Sim","Concluído","","Concluído","","Concluído","","Verifiquei meu perfil","","1","Não","4","5","5","3","3",""
"2019/06/25 9:04:57 PM GMT-3","Nunca utilizei","Sim","Sim","Concluído","","Concluído","","Concluído","","Verifiquei meu perfil","","1","Não","1","5","5","5","5",""
"2019/06/25 9:05:00 PM GMT-3","Frequentemente","Sim","Sim","Concluído","","Concluído","","Concluído","","Verifiquei meu perfil","42","1","Não","1","5","3","4","2",""
"2019/06/25 9:05:07 PM GMT-3","Frequentemente","Sim","Sim","Concluído","","Concluído","","Concluído","","Verifiquei meu perfil","","5","Não","4","4","3","2","3",""
"2019/06/25 9:05:19 PM GMT-3","Às vezes","Sim","Sim","Concluído","","Concluído","","Concluído","","Verifiquei meu perfil","","1","Não","4","5","5","2","5",""
"2019/06/25 9:05:20 PM GMT-3","Frequentemente","Sim","Sim","Concluído","","Concluído","","Concluído","","Verifiquei meu perfil","","1","Não","3","5","5","5","3",""
"2019/06/25 9:05:20 PM GMT-3","Frequentemente","Sim","Sim","Concluído","","Concluído","","Concluído","","Verifiquei meu perfil","","1","Não","1","3","3","3","3",""
"2019/06/25 9:05:35 PM GMT-3","Frequentemente","Sim","Sim","Concluído","","Concluído","","Concluído","","Não verifiquei meu perfil","","2","Não","1","5","5","4","5",""
"2019/06/25 9:05:40 PM GMT-3","Frequentemente","Sim","Sim","Concluído","","Concluído","","Concluído","","Verifiquei meu perfil","","5","Não","4","4","3","2","3",""
"2019/06/25 9:05:43 PM GMT-3","Frequentemente","Sim","Sim","Concluído","","Concluído","","Concluído","","Verifiquei meu perfil","","1","Não","4","3","3","2","2",""
"2019/06/25 9:05:47 PM GMT-3","Frequentemente","Sim","Sim","Concluído","","Concluído","","Concluído","","Verifiquei meu perfil","","3","Não","2","1","3","1","3",""
"2019/06/25 9:05:48 PM GMT-3","Frequentemente","Sim","Sim","Concluído","","Concluído","","Concluído","","Verifiquei meu perfil","","1","Sim","2","4","5","3","4",""
"2019/06/25 9:05:50 PM GMT-3","Frequentemente","Sim","Sim","Concluído","","Concluído","","Concluído","","Verifiquei meu perfil","43","1","Não","4","5","3","1","5","43"
"2019/06/25 9:06:24 PM GMT-3","Frequentemente","Sim","Talvez","Concluído","","Concluído","","Concluído","","Verifiquei meu perfil","","3","Não","2","4","3","2","3",""
"2019/06/25 9:06:24 PM GMT-3","Frequentemente","Sim","Sim","Concluído","","Concluído","","Concluído","","Verifiquei meu perfil","","1","Não","4","3","1","1","2",""
"2019/06/25 9:06:36 PM GMT-3","Frequentemente","Sim","Sim","Concluído","","Concluído","","Concluído","","Verifiquei meu perfil","","1","Não","4","5","5","5","5","Muito bom. Parabens!"
"2019/06/27 8:07:19 AM GMT-3","Frequentemente","Sim","Sim","Concluído","","Concluído","","Concluído","","Não verifiquei meu perfil","","1","Não","4","4","4","3","4","Site ainda estava um pouco lento"
"2019/06/27 8:14:39 AM GMT-3","Frequentemente","Sim","Sim","Concluído","","Concluído","","Concluído","MUITAS QUESTOES","Verifiquei meu perfil","","4","Sim","3","4","1","2","2",""
"2019/06/27 8:19:06 AM GMT-3","Frequentemente","Sim","Sim","Concluído","","Concluído","","Concluído","","Verifiquei meu perfil","","1","Não","4","4","4","3","4",""
"2019/06/27 8:19:23 AM GMT-3","Às vezes","Sim","Sim","Concluído","","Concluído","","Concluído","","Verifiquei meu perfil","","2","Sim","3","4","4","4","3",""
"2019/06/27 8:19:46 AM GMT-3","Frequentemente","Sim","Sim","Concluído","","Concluído","","Concluído","","Verifiquei meu perfil","","1","Não","1","5","5","5","5",""
"2019/06/27 8:20:11 AM GMT-3","Frequentemente","Sim","Sim","Concluído","Não aparece a pergunta inteira no android","Concluído","","Concluído","","Verifiquei meu perfil","","3","Não","3","5","5","5","4","O aplicativo é muito legal, porém a pergunta é cortada nos celulares"
"2019/06/27 8:20:18 AM GMT-3","Frequentemente","Sim","Sim","Concluído","","Concluído","","Concluído","","Verifiquei meu perfil","","1","Não","4","3","2","2","3","Ter um botão de voltar para a pergunta anterior"
"2019/06/27 8:20:50 AM GMT-3","Frequentemente","Sim","Sim","Concluído","","Concluído","","Concluído","","Verifiquei meu perfil","","5","Sim","3","3","4","3","4",""
"2019/06/27 8:21:02 AM GMT-3","Frequentemente","Sim","Sim","Concluído","","Concluído","","Concluído","","Verifiquei meu perfil","","4","Não","2","3","3","3","3",""
"2019/06/27 8:21:30 AM GMT-3","Frequentemente","Não","Sim","Concluído","","Concluído","","Concluído","","Verifiquei meu perfil","","2","Não","1","4","4","4","5",""
"2019/06/27 8:22:11 AM GMT-3","Frequentemente","Sim","Sim","Concluído","","Concluído","","Concluído","","Verifiquei meu perfil","mudar o ícone de seta para ""quit"" ou ""sair""","4","Não","2","2","2","3","3","mudar o ícone de seta par sair "
"2019/06/27 8:22:29 AM GMT-3","Frequentemente","Sim","Sim","Concluído","","Concluído","","Concluído"," O usuário usando o aplicativo para celular não consegue visualizar a pergunta completa, mas tirando isso está tudo ótimo","Verifiquei meu perfil","Somente um pouco lento na hora de obter os resultados, mas muito legal.","1","Não","2","4","4","3","4",""
"2019/06/27 9:04:50 AM GMT-3","Frequentemente","Sim","Sim","Concluído","","Concluído","","Concluído","","Verifiquei meu perfil","","3","Sim","3","3","5","4","4",""
"2019/06/27 9:32:53 AM GMT-3","Frequentemente","Sim","Sim","Concluído","","Concluído","","Concluído","","Não verifiquei meu perfil","","3","Não","4","4","5","5","4",""